uvod;uvod;Úvod
S01;s01-priklady-na-rozehrati;S01 Příklady na rozehřátí
S03;s03-pocitani-se-zlomky;S03 Počítání se zlomky
S04;s04-upravy-vyrazu-s-promennymi;S04 Úpravy výrazů s proměnnými
S05;s05-linearni-rovnice-s-1-neznamou;S05 Lineární rovnice s 1 neznámou
S06;s06-slovni-ulohy;S06 Sestavení rovnic ze slovního zadání
S08;s08-slovni-ulohy;S08 Slovní úlohy na obvod, obsah a objem
S09;s09-geometrie;S09 Geometrie
S11;s11-osova-soumernost-a-prevody-jednotek;S11 Osová souměrnost a převody jednotek
S12;s12-vzpocty-s-uhly-a-3d-telesa;S12 Úhly a 3D tělesa
S15;s15-slovni-ulohy-na-procenta;S15 Slovní úlohy na procenta
S16;s16-posloupnosti-a-mozaiky;S16 Posloupnosti a mozaiky